/*
SQLyog Ultimate v11.24 (32 bit)
MySQL - 5.5.27 : Database - test
*********************************************************************
*/

/*!40101 SET NAMES utf8 */;

/*!40101 SET SQL_MODE=''*/;

/*!40014 SET @OLD_UNIQUE_CHECKS=@@UNIQUE_CHECKS, UNIQUE_CHECKS=0 */;
/*!40014 SET @OLD_FOREIGN_KEY_CHECKS=@@FOREIGN_KEY_CHECKS, FOREIGN_KEY_CHECKS=0 */;
/*!40101 SET @OLD_SQL_MODE=@@SQL_MODE, SQL_MODE='NO_AUTO_VALUE_ON_ZERO' */;
/*!40111 SET @OLD_SQL_NOTES=@@SQL_NOTES, SQL_NOTES=0 */;
CREATE DATABASE /*!32312 IF NOT EXISTS*/`test` /*!40100 DEFAULT CHARACTER SET utf8 COLLATE utf8_bin */;

USE `test`;

/*Table structure for table `adver` */

DROP TABLE IF EXISTS `adver`;

CREATE TABLE `adver` (
  `ID` int(11) NOT NULL AUTO_INCREMENT,
  `NAME` varchar(255) NOT NULL,
  `IMG` varchar(255) NOT NULL,
  `URL` varchar(255) DEFAULT NULL,
  `SORT` int(11) DEFAULT NULL,
  PRIMARY KEY (`ID`)
) ENGINE=InnoDB DEFAULT CHARSET=utf8;

/*Data for the table `adver` */

/*Table structure for table `area` */

DROP TABLE IF EXISTS `area`;

CREATE TABLE `area` (
  `id` int(11) NOT NULL AUTO_INCREMENT,
  `name` varchar(200) COLLATE utf8_bin DEFAULT NULL,
  `city_id` int(11) DEFAULT NULL,
  `create_time` timestamp NULL DEFAULT NULL,
  KEY `id` (`id`)
) ENGINE=InnoDB AUTO_INCREMENT=103 DEFAULT CHARSET=utf8 COLLATE=utf8_bin;

/*Data for the table `area` */

insert  into `area`(`id`,`name`,`city_id`,`create_time`) values (52,'东城区',1,'2015-02-18 00:00:00'),(53,'西城区',1,'2015-02-18 00:00:00'),(54,'朝阳区',1,'2015-02-18 00:00:00'),(55,'丰台区',1,'2015-02-18 00:00:00'),(56,'石景山区',1,'2015-02-18 00:00:00'),(57,'海淀区',1,'2015-02-18 00:00:00'),(58,'门头沟区',1,'2015-02-18 00:00:00'),(59,'房山区',1,'2015-02-18 00:00:00'),(60,'通州区',1,'2015-02-18 00:00:00'),(61,'顺义区',1,'2015-02-18 00:00:00'),(62,'昌平区',1,'2015-02-18 00:00:00'),(63,'大兴区',1,'2015-02-18 00:00:00'),(64,'怀柔区',1,'2015-02-18 00:00:00'),(65,'平谷区',1,'2015-02-18 00:00:00'),(66,'密云县',1,'2015-02-18 00:00:00'),(67,'延庆县',1,'2015-02-18 00:00:00'),(68,'黄浦区',2,'2015-02-18 00:00:00'),(69,'徐汇区',2,'2015-02-18 00:00:00'),(70,'长宁区',2,'2015-02-18 00:00:00'),(71,'静安区',2,'2015-02-18 00:00:00'),(72,'普陀区',2,'2015-02-18 00:00:00'),(73,'闸北区',2,'2015-02-18 00:00:00'),(74,'虹口区',2,'2015-02-18 00:00:00'),(75,'杨浦区',2,'2015-02-18 00:00:00'),(76,'闵行区',2,'2015-02-18 00:00:00'),(77,'宝山区',2,'2015-02-18 00:00:00'),(78,'嘉定区',2,'2015-02-18 00:00:00'),(79,'浦东新区',2,'2015-02-18 00:00:00'),(80,'金山区',2,'2015-02-18 00:00:00'),(81,'松江区',2,'2015-02-18 00:00:00'),(82,'青浦区',2,'2015-02-18 00:00:00'),(83,'奉贤区',2,'2015-02-18 00:00:00'),(84,'崇明县',2,'2015-02-18 00:00:00'),(85,'荔湾区',3,'2015-02-18 00:00:00'),(86,'越秀区',3,'2015-02-18 00:00:00'),(87,'海珠区',3,'2015-02-18 00:00:00'),(88,'天河区',3,'2015-02-18 00:00:00'),(89,'白云区',3,'2015-02-18 00:00:00'),(90,'黄埔区',3,'2015-02-18 00:00:00'),(91,'番禺区',3,'2015-02-18 00:00:00'),(92,'花都区',3,'2015-02-18 00:00:00'),(93,'南沙区',3,'2015-02-18 00:00:00'),(94,'萝岗区',3,'2015-02-18 00:00:00'),(95,'增城市',3,'2015-02-18 00:00:00'),(96,'从化市',3,'2015-02-18 00:00:00'),(97,'罗湖区',4,'2015-02-18 00:00:00'),(98,'福田区',4,'2015-02-18 00:00:00'),(99,'南山区',4,'2015-02-18 00:00:00'),(100,'宝安区',4,'2015-02-18 00:00:00'),(101,'龙岗区',4,'2015-02-18 00:00:00'),(102,'盐田区',4,'2015-02-18 00:00:00');

/*Table structure for table `area_info` */

DROP TABLE IF EXISTS `area_info`;

CREATE TABLE `area_info` (
  `ID` int(9) NOT NULL AUTO_INCREMENT,
  `AREA_CODE` varchar(12) DEFAULT NULL,
  `AREA_NAME` varchar(50) DEFAULT NULL,
  `PID` int(9) DEFAULT NULL,
  `SORT` int(3) DEFAULT NULL,
  PRIMARY KEY (`ID`)
) ENGINE=InnoDB AUTO_INCREMENT=2 DEFAULT CHARSET=utf8;

/*Data for the table `area_info` */

insert  into `area_info`(`ID`,`AREA_CODE`,`AREA_NAME`,`PID`,`SORT`) values (1,'100000','中国',NULL,1);

/*Table structure for table `city` */

DROP TABLE IF EXISTS `city`;

CREATE TABLE `city` (
  `id` int(11) NOT NULL AUTO_INCREMENT,
  `name` varchar(200) COLLATE utf8_bin DEFAULT NULL,
  `desc` varchar(200) COLLATE utf8_bin DEFAULT NULL,
  `status` char(1) COLLATE utf8_bin DEFAULT '0' COMMENT '0 启用 1 禁用',
  PRIMARY KEY (`id`)
) ENGINE=InnoDB AUTO_INCREMENT=5 DEFAULT CHARSET=utf8 COLLATE=utf8_bin;

/*Data for the table `city` */

insert  into `city`(`id`,`name`,`desc`,`status`) values (1,'北京','中国首都','0'),(2,'上海','中国第一大城市','0'),(3,'深圳','软件行业很好','0'),(4,'广州','有美食节','0');

/*Table structure for table `dict` */

DROP TABLE IF EXISTS `dict`;

CREATE TABLE `dict` (
  `ID` int(11) NOT NULL AUTO_INCREMENT,
  `LABEL` varchar(255) DEFAULT NULL,
  `VALUE` varchar(255) DEFAULT NULL,
  `TYPE` varchar(255) DEFAULT NULL,
  `DESCRIPTION` varchar(255) DEFAULT NULL,
  `SORT` int(11) DEFAULT NULL,
  `REMARK` varchar(255) DEFAULT NULL,
  `DEL_FLAG` varchar(255) DEFAULT NULL,
  PRIMARY KEY (`ID`)
) ENGINE=InnoDB AUTO_INCREMENT=6 DEFAULT CHARSET=utf8;

/*Data for the table `dict` */

insert  into `dict`(`ID`,`LABEL`,`VALUE`,`TYPE`,`DESCRIPTION`,`SORT`,`REMARK`,`DEL_FLAG`) values (1,'正常','0','user','用户状态',1,NULL,NULL),(2,'禁用','1','user','用户状态',2,NULL,NULL),(4,'普通用户','0','user','用户类型',NULL,NULL,NULL),(5,'会员用户','1','user','用户类型',NULL,NULL,NULL);

/*Table structure for table `goods` */

DROP TABLE IF EXISTS `goods`;

CREATE TABLE `goods` (
  `ID` int(11) NOT NULL AUTO_INCREMENT,
  `NAME` varchar(255) NOT NULL,
  `COVER` varchar(255) NOT NULL,
  `IMG` varchar(255) NOT NULL,
  `TYPE_ID` int(11) NOT NULL,
  `PRICE` double NOT NULL COMMENT '标价',
  `MARKET_PRICE` double DEFAULT NULL COMMENT '市场价',
  `INTRODUCE` varchar(255) DEFAULT NULL COMMENT '介绍',
  `BRIEF` varchar(255) DEFAULT NULL COMMENT '摘要',
  `IS_SOLD` char(255) DEFAULT NULL COMMENT '是否上架',
  `SALES` int(11) DEFAULT NULL COMMENT '销量',
  `POSTAGE` double DEFAULT NULL COMMENT '邮费',
  `PV` int(11) DEFAULT NULL,
  PRIMARY KEY (`ID`),
  KEY `FK_GOODS_TYPE_ID` (`TYPE_ID`),
  CONSTRAINT `FK_GOODS_TYPE_ID` FOREIGN KEY (`TYPE_ID`) REFERENCES `goods_type` (`ID`)
) ENGINE=InnoDB AUTO_INCREMENT=2 DEFAULT CHARSET=utf8;

/*Data for the table `goods` */

insert  into `goods`(`ID`,`NAME`,`COVER`,`IMG`,`TYPE_ID`,`PRICE`,`MARKET_PRICE`,`INTRODUCE`,`BRIEF`,`IS_SOLD`,`SALES`,`POSTAGE`,`PV`) values (1,'aaa','aaa','aaa',1,11,11,'11','1','1',1,1,11);

/*Table structure for table `goods_type` */

DROP TABLE IF EXISTS `goods_type`;

CREATE TABLE `goods_type` (
  `ID` int(11) NOT NULL AUTO_INCREMENT,
  `PID` int(11) DEFAULT NULL,
  `NAME` varchar(255) DEFAULT NULL,
  `IMG` varchar(255) DEFAULT NULL,
  PRIMARY KEY (`ID`)
) ENGINE=InnoDB AUTO_INCREMENT=12 DEFAULT CHARSET=utf8;

/*Data for the table `goods_type` */

insert  into `goods_type`(`ID`,`PID`,`NAME`,`IMG`) values (1,NULL,'男装·女装',NULL),(2,NULL,'鞋靴·箱包',NULL),(3,NULL,'手机·数码',NULL),(4,NULL,'家电·办公',NULL),(5,1,'男上衣','aaa'),(6,1,'男裤',NULL),(7,1,'男内衣',NULL),(8,1,'女裤',NULL),(9,3,'笔记本',NULL),(10,3,'台式机',NULL),(11,4,'电视',NULL);

/*Table structure for table `hotel` */

DROP TABLE IF EXISTS `hotel`;

CREATE TABLE `hotel` (
  `id` int(11) NOT NULL AUTO_INCREMENT,
  `hotel_name` varchar(200) COLLATE utf8_bin DEFAULT NULL COMMENT '酒店名称',
  `tel` varchar(200) COLLATE utf8_bin DEFAULT NULL COMMENT '酒店电话',
  `address` varchar(200) COLLATE utf8_bin DEFAULT NULL COMMENT '地址',
  `city_id` int(11) DEFAULT NULL COMMENT '城市id',
  `customer_id` int(11) DEFAULT NULL COMMENT '用户id',
  PRIMARY KEY (`id`)
) ENGINE=InnoDB DEFAULT CHARSET=utf8 COLLATE=utf8_bin;

/*Data for the table `hotel` */

/*Table structure for table `line` */

DROP TABLE IF EXISTS `line`;

CREATE TABLE `line` (
  `id` int(11) NOT NULL AUTO_INCREMENT,
  `name` varchar(200) COLLATE utf8_bin DEFAULT NULL,
  `line_id` int(11) DEFAULT NULL,
  `create_time` timestamp NULL DEFAULT NULL,
  PRIMARY KEY (`id`)
) ENGINE=InnoDB AUTO_INCREMENT=851 DEFAULT CHARSET=utf8 COLLATE=utf8_bin;

/*Data for the table `line` */

insert  into `line`(`id`,`name`,`line_id`,`create_time`) values (1,'四惠东',1,'2016-02-18 00:00:00'),(2,'四惠',1,'2016-02-18 00:00:00'),(3,'大望路',1,'2016-02-18 00:00:00'),(4,'国贸',1,'2016-02-18 00:00:00'),(5,'永安里',1,'2016-02-18 00:00:00'),(6,'建国门',1,'2016-02-18 00:00:00'),(7,'东单',1,'2016-02-18 00:00:00'),(8,'王府井',1,'2016-02-18 00:00:00'),(9,'天安门东',1,'2016-02-18 00:00:00'),(10,'天安门西',1,'2016-02-18 00:00:00'),(11,'西单',1,'2016-02-18 00:00:00'),(12,'复兴门',1,'2016-02-18 00:00:00'),(13,'南礼士路',1,'2016-02-18 00:00:00'),(14,'木樨地',1,'2016-02-18 00:00:00'),(15,'军事博物馆',1,'2016-02-18 00:00:00'),(16,'公主坟',1,'2016-02-18 00:00:00'),(17,'万寿路',1,'2016-02-18 00:00:00'),(18,'五棵松',1,'2016-02-18 00:00:00'),(19,'玉泉路',1,'2016-02-18 00:00:00'),(20,'八宝山',1,'2016-02-18 00:00:00'),(21,'八角游乐园',1,'2016-02-18 00:00:00'),(22,'古城',1,'2016-02-18 00:00:00'),(23,'苹果园',1,'2016-02-18 00:00:00'),(24,'东直门',2,'2016-02-18 00:00:00'),(25,'东四十条',2,'2016-02-18 00:00:00'),(26,'朝阳门',2,'2016-02-18 00:00:00'),(27,'建国门',2,'2016-02-18 00:00:00'),(28,'北京站',2,'2016-02-18 00:00:00'),(29,'崇文门',2,'2016-02-18 00:00:00'),(30,'前门',2,'2016-02-18 00:00:00'),(31,'和平门',2,'2016-02-18 00:00:00'),(32,'宣武门',2,'2016-02-18 00:00:00'),(33,'长椿街',2,'2016-02-18 00:00:00'),(34,'复兴门',2,'2016-02-18 00:00:00'),(35,'阜成门',2,'2016-02-18 00:00:00'),(36,'车公庄',2,'2016-02-18 00:00:00'),(37,'西直门',2,'2016-02-18 00:00:00'),(38,'积水潭',2,'2016-02-18 00:00:00'),(39,'鼓楼大街',2,'2016-02-18 00:00:00'),(40,'安定门',2,'2016-02-18 00:00:00'),(41,'雍和宫',2,'2016-02-18 00:00:00'),(42,'安河桥北',3,'2016-02-18 00:00:00'),(43,'北宫门',3,'2016-02-18 00:00:00'),(44,'西苑',3,'2016-02-18 00:00:00'),(45,'圆明园',3,'2016-02-18 00:00:00'),(46,'北京大学东门',3,'2016-02-18 00:00:00'),(47,'中关村',3,'2016-02-18 00:00:00'),(48,'海淀黄庄',3,'2016-02-18 00:00:00'),(49,'人民大学',3,'2016-02-18 00:00:00'),(50,'魏公村',3,'2016-02-18 00:00:00'),(51,'国家图书馆',3,'2016-02-18 00:00:00'),(52,'北京动物园',3,'2016-02-18 00:00:00'),(53,'西直门',3,'2016-02-18 00:00:00'),(54,'新街口',3,'2016-02-18 00:00:00'),(55,'平安里',3,'2016-02-18 00:00:00'),(56,'西四',3,'2016-02-18 00:00:00'),(57,'灵境胡同',3,'2016-02-18 00:00:00'),(58,'西单',3,'2016-02-18 00:00:00'),(59,'宣武门',3,'2016-02-18 00:00:00'),(60,'菜市口',3,'2016-02-18 00:00:00'),(61,'陶然亭',3,'2016-02-18 00:00:00'),(62,'北京南站',3,'2016-02-18 00:00:00'),(63,'马家堡',3,'2016-02-18 00:00:00'),(64,'角门西',3,'2016-02-18 00:00:00'),(65,'公益西桥',3,'2016-02-18 00:00:00'),(66,'宋家庄',4,'2016-02-18 00:00:00'),(67,'刘家窑',4,'2016-02-18 00:00:00'),(68,'蒲黄榆',4,'2016-02-18 00:00:00'),(69,'天坛东门',4,'2016-02-18 00:00:00'),(70,'磁器口',4,'2016-02-18 00:00:00'),(71,'崇文门',4,'2016-02-18 00:00:00'),(72,'东单',4,'2016-02-18 00:00:00'),(73,'灯市口',4,'2016-02-18 00:00:00'),(74,'东四',4,'2016-02-18 00:00:00'),(75,'张自忠路',4,'2016-02-18 00:00:00'),(76,'北新桥',4,'2016-02-18 00:00:00'),(77,'雍和宫',4,'2016-02-18 00:00:00'),(78,'和平里北街',4,'2016-02-18 00:00:00'),(79,'和平西桥',4,'2016-02-18 00:00:00'),(80,'惠新西街南口',4,'2016-02-18 00:00:00'),(81,'惠新西街北口',4,'2016-02-18 00:00:00'),(82,'大屯路东',4,'2016-02-18 00:00:00'),(83,'北苑路北',4,'2016-02-18 00:00:00'),(84,'立水桥南',4,'2016-02-18 00:00:00'),(85,'立水桥',4,'2016-02-18 00:00:00'),(86,'天通苑南',4,'2016-02-18 00:00:00'),(87,'天通苑',4,'2016-02-18 00:00:00'),(88,'天通苑北',4,'2016-02-18 00:00:00'),(89,'海淀五路居',5,'2016-02-18 00:00:00'),(90,'慈寿寺',5,'2016-02-18 00:00:00'),(91,'花园桥',5,'2016-02-18 00:00:00'),(92,'白石桥南',5,'2016-02-18 00:00:00'),(93,'车公庄西',5,'2016-02-18 00:00:00'),(94,'车公庄',5,'2016-02-18 00:00:00'),(95,'平安里',5,'2016-02-18 00:00:00'),(96,'北海北',5,'2016-02-18 00:00:00'),(97,'南锣鼓巷',5,'2016-02-18 00:00:00'),(98,'东四',5,'2016-02-18 00:00:00'),(99,'朝阳门',5,'2016-02-18 00:00:00'),(100,'东大桥',5,'2016-02-18 00:00:00'),(101,'呼家楼',5,'2016-02-18 00:00:00'),(102,'金台路',5,'2016-02-18 00:00:00'),(103,'十里堡',5,'2016-02-18 00:00:00'),(104,'青年路',5,'2016-02-18 00:00:00'),(105,'褡裢坡',5,'2016-02-18 00:00:00'),(106,'黄渠',5,'2016-02-18 00:00:00'),(107,'常营',5,'2016-02-18 00:00:00'),(108,'草房',5,'2016-02-18 00:00:00'),(109,'鼓楼大街',6,'2016-02-18 00:00:00'),(110,'安华桥',6,'2016-02-18 00:00:00'),(111,'北土城',6,'2016-02-18 00:00:00'),(112,'奥体中心',6,'2016-02-18 00:00:00'),(113,'奥林匹克公园',6,'2016-02-18 00:00:00'),(114,'森林公园南门',6,'2016-02-18 00:00:00'),(115,'林萃桥',6,'2016-02-18 00:00:00'),(116,'永泰庄',6,'2016-02-18 00:00:00'),(117,'西小口',6,'2016-02-18 00:00:00'),(118,'育新',6,'2016-02-18 00:00:00'),(119,'霍营',6,'2016-02-18 00:00:00'),(120,'回龙观东大街',6,'2016-02-18 00:00:00'),(121,'国家图书馆',7,'2016-02-18 00:00:00'),(122,'白石桥南',7,'2016-02-18 00:00:00'),(123,'白堆子',7,'2016-02-18 00:00:00'),(124,'北京西站',7,'2016-02-18 00:00:00'),(125,'六里桥东',7,'2016-02-18 00:00:00'),(126,'六里桥',7,'2016-02-18 00:00:00'),(127,'七里庄',7,'2016-02-18 00:00:00'),(128,'丰台东大街',7,'2016-02-18 00:00:00'),(129,'丰台南路',7,'2016-02-18 00:00:00'),(130,'科怡路',7,'2016-02-18 00:00:00'),(131,'丰台科技园',7,'2016-02-18 00:00:00'),(132,'郭公庄',7,'2016-02-18 00:00:00'),(133,'首经贸',8,'2016-02-18 00:00:00'),(134,'纪家庙',8,'2016-02-18 00:00:00'),(135,'草桥',8,'2016-02-18 00:00:00'),(136,'角门西',8,'2016-02-18 00:00:00'),(137,'大红门',8,'2016-02-18 00:00:00'),(138,'石榴庄',8,'2016-02-18 00:00:00'),(139,'宋家庄',8,'2016-02-18 00:00:00'),(140,'成寿寺',8,'2016-02-18 00:00:00'),(141,'分钟寺',8,'2016-02-18 00:00:00'),(142,'十里河',8,'2016-02-18 00:00:00'),(143,'潘家园',8,'2016-02-18 00:00:00'),(144,'劲松',8,'2016-02-18 00:00:00'),(145,'双井',8,'2016-02-18 00:00:00'),(146,'国贸',8,'2016-02-18 00:00:00'),(147,'金台夕照',8,'2016-02-18 00:00:00'),(148,'呼家楼',8,'2016-02-18 00:00:00'),(149,'团结湖',8,'2016-02-18 00:00:00'),(150,'农展馆',8,'2016-02-18 00:00:00'),(151,'亮马桥',8,'2016-02-18 00:00:00'),(152,'三元桥',8,'2016-02-18 00:00:00'),(153,'太阳宫',8,'2016-02-18 00:00:00'),(154,'芍药居',8,'2016-02-18 00:00:00'),(155,'惠新西街南口',8,'2016-02-18 00:00:00'),(156,'安贞门',8,'2016-02-18 00:00:00'),(157,'北土城',8,'2016-02-18 00:00:00'),(158,'健德门',8,'2016-02-18 00:00:00'),(159,'牡丹园',8,'2016-02-18 00:00:00'),(160,'西土城',8,'2016-02-18 00:00:00'),(161,'知春路',8,'2016-02-18 00:00:00'),(162,'知春里',8,'2016-02-18 00:00:00'),(163,'海淀黄庄',8,'2016-02-18 00:00:00'),(164,'苏州街',8,'2016-02-18 00:00:00'),(165,'巴沟',8,'2016-02-18 00:00:00'),(166,'火器营',8,'2016-02-18 00:00:00'),(167,'长春桥',8,'2016-02-18 00:00:00'),(168,'车道沟',8,'2016-02-18 00:00:00'),(169,'慈寿寺',8,'2016-02-18 00:00:00'),(170,'西钓鱼台',8,'2016-02-18 00:00:00'),(171,'公主坟',8,'2016-02-18 00:00:00'),(172,'莲花桥',8,'2016-02-18 00:00:00'),(173,'六里桥',8,'2016-02-18 00:00:00'),(174,'西局',8,'2016-02-18 00:00:00'),(175,'东直门',9,'2016-02-18 00:00:00'),(176,'柳芳',9,'2016-02-18 00:00:00'),(177,'光熙门',9,'2016-02-18 00:00:00'),(178,'芍药居',9,'2016-02-18 00:00:00'),(179,'望京西',9,'2016-02-18 00:00:00'),(180,'北苑',9,'2016-02-18 00:00:00'),(181,'立水桥',9,'2016-02-18 00:00:00'),(182,'霍营',9,'2016-02-18 00:00:00'),(183,'回龙观',9,'2016-02-18 00:00:00'),(184,'龙泽',9,'2016-02-18 00:00:00'),(185,'西二旗',9,'2016-02-18 00:00:00'),(186,'上地',9,'2016-02-18 00:00:00'),(187,'五道口',9,'2016-02-18 00:00:00'),(188,'知春路',9,'2016-02-18 00:00:00'),(189,'大钟寺',9,'2016-02-18 00:00:00'),(190,'西直门',9,'2016-02-18 00:00:00'),(191,'望京西',10,'2016-02-18 00:00:00'),(192,'望京',10,'2016-02-18 00:00:00'),(193,'崔各庄',10,'2016-02-18 00:00:00'),(194,'马泉营',10,'2016-02-18 00:00:00'),(195,'孙河',10,'2016-02-18 00:00:00'),(196,'国展',10,'2016-02-18 00:00:00'),(197,'花梨坎',10,'2016-02-18 00:00:00'),(198,'后沙峪',10,'2016-02-18 00:00:00'),(199,'南法信',10,'2016-02-18 00:00:00'),(200,'石门',10,'2016-02-18 00:00:00'),(201,'顺义',10,'2016-02-18 00:00:00'),(202,'俸伯',10,'2016-02-18 00:00:00'),(203,'四惠',11,'2016-02-18 00:00:00'),(204,'四惠东',11,'2016-02-18 00:00:00'),(205,'高碑店',11,'2016-02-18 00:00:00'),(206,'传媒大学',11,'2016-02-18 00:00:00'),(207,'双桥',11,'2016-02-18 00:00:00'),(208,'管庄',11,'2016-02-18 00:00:00'),(209,'八里桥',11,'2016-02-18 00:00:00'),(210,'通州北苑',11,'2016-02-18 00:00:00'),(211,'果园',11,'2016-02-18 00:00:00'),(212,'九棵树',11,'2016-02-18 00:00:00'),(213,'梨园',11,'2016-02-18 00:00:00'),(214,'临河里',11,'2016-02-18 00:00:00'),(215,'土桥',11,'2016-02-18 00:00:00'),(216,'南邵',12,'2016-02-18 00:00:00'),(217,'沙河高教园',12,'2016-02-18 00:00:00'),(218,'沙河',12,'2016-02-18 00:00:00'),(219,'巩华城',12,'2016-02-18 00:00:00'),(220,'朱辛庄',12,'2016-02-18 00:00:00'),(221,'生命科学园',12,'2016-02-18 00:00:00'),(222,'西二旗',12,'2016-02-18 00:00:00'),(223,'东直门',13,'2016-02-18 00:00:00'),(224,'三元桥',13,'2016-02-18 00:00:00'),(225,'T2航站楼',13,'2016-02-18 00:00:00'),(226,'T3航站楼',13,'2016-02-18 00:00:00'),(227,'公益西桥',14,'2016-02-18 00:00:00'),(228,'新宫',14,'2016-02-18 00:00:00'),(229,'西红门',14,'2016-02-18 00:00:00'),(230,'高米店北',14,'2016-02-18 00:00:00'),(231,'高米店南',14,'2016-02-18 00:00:00'),(232,'枣园',14,'2016-02-18 00:00:00'),(233,'清源路',14,'2016-02-18 00:00:00'),(234,'黄村西大街',14,'2016-02-18 00:00:00'),(235,'黄村火车站',14,'2016-02-18 00:00:00'),(236,'义和庄',14,'2016-02-18 00:00:00'),(237,'生物医药基地',14,'2016-02-18 00:00:00'),(238,'天宫院',14,'2016-02-18 00:00:00'),(239,'宋家庄',15,'2016-02-18 00:00:00'),(240,'肖村',15,'2016-02-18 00:00:00'),(241,'小红门',15,'2016-02-18 00:00:00'),(242,'旧宫',15,'2016-02-18 00:00:00'),(243,'亦庄桥',15,'2016-02-18 00:00:00'),(244,'亦庄文化园',15,'2016-02-18 00:00:00'),(245,'万源街',15,'2016-02-18 00:00:00'),(246,'荣京东街',15,'2016-02-18 00:00:00'),(247,'荣昌东街',15,'2016-02-18 00:00:00'),(248,'同济南路',15,'2016-02-18 00:00:00'),(249,'经海路',15,'2016-02-18 00:00:00'),(250,'次渠南',15,'2016-02-18 00:00:00'),(251,'次渠',15,'2016-02-18 00:00:00'),(252,'大葆台',16,'2016-02-18 00:00:00'),(253,'稻田',16,'2016-02-18 00:00:00'),(254,'长阳',16,'2016-02-18 00:00:00'),(255,'篱笆房',16,'2016-02-18 00:00:00'),(256,'广阳城',16,'2016-02-18 00:00:00'),(257,'良乡大学城北',16,'2016-02-18 00:00:00'),(258,'良乡大学城',16,'2016-02-18 00:00:00'),(259,'良乡大学城西',16,'2016-02-18 00:00:00'),(260,'良乡南关',16,'2016-02-18 00:00:00'),(261,'苏庄',16,'2016-02-18 00:00:00'),(262,'莘庄',17,'2016-02-18 00:00:00'),(263,'外环路',17,'2016-02-18 00:00:00'),(264,'莲花路',17,'2016-02-18 00:00:00'),(265,'锦江乐园',17,'2016-02-18 00:00:00'),(266,'上海南站',17,'2016-02-18 00:00:00'),(267,'漕宝路',17,'2016-02-18 00:00:00'),(268,'上海体育馆',17,'2016-02-18 00:00:00'),(269,'徐家汇',17,'2016-02-18 00:00:00'),(270,'衡山路',17,'2016-02-18 00:00:00'),(271,'常熟路',17,'2016-02-18 00:00:00'),(272,'陕西南路',17,'2016-02-18 00:00:00'),(273,'黄陂南路',17,'2016-02-18 00:00:00'),(274,'上海人民广场',17,'2016-02-18 00:00:00'),(275,'新闸路',17,'2016-02-18 00:00:00'),(276,'汉中路',17,'2016-02-18 00:00:00'),(277,'上海火车站',17,'2016-02-18 00:00:00'),(278,'中山北路',17,'2016-02-18 00:00:00'),(279,'延长路',17,'2016-02-18 00:00:00'),(280,'上海马戏城',17,'2016-02-18 00:00:00'),(281,'汶水路',17,'2016-02-18 00:00:00'),(282,'彭浦新村',17,'2016-02-18 00:00:00'),(283,'共康路',17,'2016-02-18 00:00:00'),(284,'通河新村',17,'2016-02-18 00:00:00'),(285,'呼兰路',17,'2016-02-18 00:00:00'),(286,'共富新村',17,'2016-02-18 00:00:00'),(287,'宝安公路',17,'2016-02-18 00:00:00'),(288,'友谊西路',17,'2016-02-18 00:00:00'),(289,'富锦路',17,'2016-02-18 00:00:00'),(290,'浦东国际机场',18,'2016-02-18 00:00:00'),(291,'海天三路',18,'2016-02-18 00:00:00'),(292,'远东大道',18,'2016-02-18 00:00:00'),(293,'凌空路',18,'2016-02-18 00:00:00'),(294,'川沙',18,'2016-02-18 00:00:00'),(295,'华夏东路',18,'2016-02-18 00:00:00'),(296,'创新中路',18,'2016-02-18 00:00:00'),(297,'唐镇',18,'2016-02-18 00:00:00'),(298,'广兰路',18,'2016-02-18 00:00:00'),(299,'金科路',18,'2016-02-18 00:00:00'),(300,'张江高科',18,'2016-02-18 00:00:00'),(301,'龙阳路',18,'2016-02-18 00:00:00'),(302,'世纪公园',18,'2016-02-18 00:00:00'),(303,'科技馆',18,'2016-02-18 00:00:00'),(304,'世纪大道',18,'2016-02-18 00:00:00'),(305,'东昌路',18,'2016-02-18 00:00:00'),(306,'陆家嘴',18,'2016-02-18 00:00:00'),(307,'南京东路',18,'2016-02-18 00:00:00'),(308,'人民广场',18,'2016-02-18 00:00:00'),(309,'南京西路',18,'2016-02-18 00:00:00'),(310,'静安寺',18,'2016-02-18 00:00:00'),(311,'江苏路',18,'2016-02-18 00:00:00'),(312,'中山公园',18,'2016-02-18 00:00:00'),(313,'娄山关路',18,'2016-02-18 00:00:00'),(314,'威宁路',18,'2016-02-18 00:00:00'),(315,'北新泾',18,'2016-02-18 00:00:00'),(316,'淞虹路',18,'2016-02-18 00:00:00'),(317,'虹桥2号航站楼',18,'2016-02-18 00:00:00'),(318,'虹桥火车',18,'2016-02-18 00:00:00'),(319,'徐泾东',18,'2016-02-18 00:00:00'),(320,'上海南站',19,'2016-02-18 00:00:00'),(321,'石龙路',19,'2016-02-18 00:00:00'),(322,'龙漕路',19,'2016-02-18 00:00:00'),(323,'漕溪路',19,'2016-02-18 00:00:00'),(324,'宜山路',19,'2016-02-18 00:00:00'),(325,'虹桥路',19,'2016-02-18 00:00:00'),(326,'延安西路',19,'2016-02-18 00:00:00'),(327,'中山公园',19,'2016-02-18 00:00:00'),(328,'金沙江路',19,'2016-02-18 00:00:00'),(329,'曹杨路',19,'2016-02-18 00:00:00'),(330,'镇坪路',19,'2016-02-18 00:00:00'),(331,'中潭路',19,'2016-02-18 00:00:00'),(332,'上海火车站',19,'2016-02-18 00:00:00'),(333,'宝山路',19,'2016-02-18 00:00:00'),(334,'东宝兴路',19,'2016-02-18 00:00:00'),(335,'虹口足球场',19,'2016-02-18 00:00:00'),(336,'赤峰路',19,'2016-02-18 00:00:00'),(337,'大柏树',19,'2016-02-18 00:00:00'),(338,'江湾镇',19,'2016-02-18 00:00:00'),(339,'殷高西路',19,'2016-02-18 00:00:00'),(340,'长江南路',19,'2016-02-18 00:00:00'),(341,'淞发路',19,'2016-02-18 00:00:00'),(342,'张华浜路',19,'2016-02-18 00:00:00'),(343,'淞滨路',19,'2016-02-18 00:00:00'),(344,'水产路',19,'2016-02-18 00:00:00'),(345,'宝杨路',19,'2016-02-18 00:00:00'),(346,'友谊路',19,'2016-02-18 00:00:00'),(347,'铁力路',19,'2016-02-18 00:00:00'),(348,'江阳北路',19,'2016-02-18 00:00:00'),(349,'镇坪路',20,'2016-02-18 00:00:00'),(350,'中潭路',20,'2016-02-18 00:00:00'),(351,'上海火车站',20,'2016-02-18 00:00:00'),(352,'宝山路',20,'2016-02-18 00:00:00'),(353,'海伦路',20,'2016-02-18 00:00:00'),(354,'临平路',20,'2016-02-18 00:00:00'),(355,'大连路',20,'2016-02-18 00:00:00'),(356,'杨树浦路',20,'2016-02-18 00:00:00'),(357,'浦东大道',20,'2016-02-18 00:00:00'),(358,'世纪大道',20,'2016-02-18 00:00:00'),(359,'浦电路',20,'2016-02-18 00:00:00'),(360,'蓝村路',20,'2016-02-18 00:00:00'),(361,'塘桥',20,'2016-02-18 00:00:00'),(362,'南浦大桥',20,'2016-02-18 00:00:00'),(363,'西藏南路',20,'2016-02-18 00:00:00'),(364,'鲁班路',20,'2016-02-18 00:00:00'),(365,'大木桥路',20,'2016-02-18 00:00:00'),(366,'东安路',20,'2016-02-18 00:00:00'),(367,'上海体育场',20,'2016-02-18 00:00:00'),(368,'上海体育馆',20,'2016-02-18 00:00:00'),(369,'宜山路',20,'2016-02-18 00:00:00'),(370,'虹桥路',20,'2016-02-18 00:00:00'),(371,'延安西路',20,'2016-02-18 00:00:00'),(372,'中山公园',20,'2016-02-18 00:00:00'),(373,'金沙江路',20,'2016-02-18 00:00:00'),(374,'曹杨路',20,'2016-02-18 00:00:00'),(375,'闵行开发区',21,'2016-02-18 00:00:00'),(376,'文井路',21,'2016-02-18 00:00:00'),(377,'华宁路',21,'2016-02-18 00:00:00'),(378,'金平路',21,'2016-02-18 00:00:00'),(379,'东川路',21,'2016-02-18 00:00:00'),(380,'剑川路',21,'2016-02-18 00:00:00'),(381,'北桥',21,'2016-02-18 00:00:00'),(382,'颛桥',21,'2016-02-18 00:00:00'),(383,'银都路',21,'2016-02-18 00:00:00'),(384,'春申路',21,'2016-02-18 00:00:00'),(385,'莘庄',21,'2016-02-18 00:00:00'),(386,'东方体育中心',22,'2016-02-18 00:00:00'),(387,'灵岩南路',22,'2016-02-18 00:00:00'),(388,'上南路',22,'2016-02-18 00:00:00'),(389,'华夏西路',22,'2016-02-18 00:00:00'),(390,'高青路',22,'2016-02-18 00:00:00'),(391,'东明路',22,'2016-02-18 00:00:00'),(392,'高科西路',22,'2016-02-18 00:00:00'),(393,'临沂新村',22,'2016-02-18 00:00:00'),(394,'儿童医学中心',22,'2016-02-18 00:00:00'),(395,'蓝村路',22,'2016-02-18 00:00:00'),(396,'浦电路',22,'2016-02-18 00:00:00'),(397,'世纪大道',22,'2016-02-18 00:00:00'),(398,'源深体育中心',22,'2016-02-18 00:00:00'),(399,'民生路',22,'2016-02-18 00:00:00'),(400,'北洋泾路',22,'2016-02-18 00:00:00'),(401,'德平路',22,'2016-02-18 00:00:00'),(402,'云山路',22,'2016-02-18 00:00:00'),(403,'金桥路',22,'2016-02-18 00:00:00'),(404,'博兴路',22,'2016-02-18 00:00:00'),(405,'五莲路',22,'2016-02-18 00:00:00'),(406,'巨峰路',22,'2016-02-18 00:00:00'),(407,'东靖路',22,'2016-02-18 00:00:00'),(408,'五洲大道',22,'2016-02-18 00:00:00'),(409,'洲海路',22,'2016-02-18 00:00:00'),(410,'外高桥保税区南',22,'2016-02-18 00:00:00'),(411,'航津路',22,'2016-02-18 00:00:00'),(412,'外高桥保税区北',22,'2016-02-18 00:00:00'),(413,'港城路',22,'2016-02-18 00:00:00'),(414,'美兰湖',23,'2016-02-18 00:00:00'),(415,'罗南新村',23,'2016-02-18 00:00:00'),(416,'潘广路',23,'2016-02-18 00:00:00'),(417,'刘行',23,'2016-02-18 00:00:00'),(418,'顾村公园',23,'2016-02-18 00:00:00'),(419,'上海大学',23,'2016-02-18 00:00:00'),(420,'南陈路',23,'2016-02-18 00:00:00'),(421,'上大路',23,'2016-02-18 00:00:00'),(422,'场中路',23,'2016-02-18 00:00:00'),(423,'大场镇',23,'2016-02-18 00:00:00'),(424,'行知路',23,'2016-02-18 00:00:00'),(425,'大华三路',23,'2016-02-18 00:00:00'),(426,'新村路',23,'2016-02-18 00:00:00'),(427,'岚皋路',23,'2016-02-18 00:00:00'),(428,'镇坪路',23,'2016-02-18 00:00:00'),(429,'长寿路',23,'2016-02-18 00:00:00'),(430,'昌平路',23,'2016-02-18 00:00:00'),(431,'静安寺',23,'2016-02-18 00:00:00'),(432,'常熟路',23,'2016-02-18 00:00:00'),(433,'肇嘉浜路',23,'2016-02-18 00:00:00'),(434,'东安路',23,'2016-02-18 00:00:00'),(435,'船厂路',23,'2016-02-18 00:00:00'),(436,'后滩',23,'2016-02-18 00:00:00'),(437,'长清路',23,'2016-02-18 00:00:00'),(438,'耀华路',23,'2016-02-18 00:00:00'),(439,'云台路',23,'2016-02-18 00:00:00'),(440,'高科西路',23,'2016-02-18 00:00:00'),(441,'杨高南路',23,'2016-02-18 00:00:00'),(442,'锦绣路',23,'2016-02-18 00:00:00'),(443,'芳华路',23,'2016-02-18 00:00:00'),(444,'龙阳路',23,'2016-02-18 00:00:00'),(445,'花木路',23,'2016-02-18 00:00:00'),(446,'航天博物馆',24,'2016-02-18 00:00:00'),(447,'联航路',24,'2016-02-18 00:00:00'),(448,'江月路',24,'2016-02-18 00:00:00'),(449,'浦江镇',24,'2016-02-18 00:00:00'),(450,'芦恒路',24,'2016-02-18 00:00:00'),(451,'凌兆新村',24,'2016-02-18 00:00:00'),(452,'东方体育中心',24,'2016-02-18 00:00:00'),(453,'杨思',24,'2016-02-18 00:00:00'),(454,'成山路',24,'2016-02-18 00:00:00'),(455,'耀华路',24,'2016-02-18 00:00:00'),(456,'西藏南路',24,'2016-02-18 00:00:00'),(457,'陆家浜路',24,'2016-02-18 00:00:00'),(458,'老西门',24,'2016-02-18 00:00:00'),(459,'大世界',24,'2016-02-18 00:00:00'),(460,'人民广场',24,'2016-02-18 00:00:00'),(461,'曲阜路',24,'2016-02-18 00:00:00'),(462,'中兴路',24,'2016-02-18 00:00:00'),(463,'西藏北路',24,'2016-02-18 00:00:00'),(464,'虹口足球场',24,'2016-02-18 00:00:00'),(465,'曲阳路',24,'2016-02-18 00:00:00'),(466,'四平路',24,'2016-02-18 00:00:00'),(467,'鞍山新村',24,'2016-02-18 00:00:00'),(468,'江浦路',24,'2016-02-18 00:00:00'),(469,'黄兴路',24,'2016-02-18 00:00:00'),(470,'延吉中路',24,'2016-02-18 00:00:00'),(471,'黄兴公园',24,'2016-02-18 00:00:00'),(472,'翔殷路',24,'2016-02-18 00:00:00'),(473,'嫩江路',24,'2016-02-18 00:00:00'),(474,'市光路',24,'2016-02-18 00:00:00'),(475,'杨高中路',25,'2016-02-18 00:00:00'),(476,'世纪大道',25,'2016-02-18 00:00:00'),(477,'商城路',25,'2016-02-18 00:00:00'),(478,'小南门',25,'2016-02-18 00:00:00'),(479,'陆家浜路',25,'2016-02-18 00:00:00'),(480,'马当路',25,'2016-02-18 00:00:00'),(481,'打浦桥',25,'2016-02-18 00:00:00'),(482,'嘉善路',25,'2016-02-18 00:00:00'),(483,'肇嘉浜路',25,'2016-02-18 00:00:00'),(484,'徐家汇',25,'2016-02-18 00:00:00'),(485,'宜山路',25,'2016-02-18 00:00:00'),(486,'桂林路',25,'2016-02-18 00:00:00'),(487,'漕河泾开发区',25,'2016-02-18 00:00:00'),(488,'合川路',25,'2016-02-18 00:00:00'),(489,'星中路',25,'2016-02-18 00:00:00'),(490,'七宝',25,'2016-02-18 00:00:00'),(491,'中春路',25,'2016-02-18 00:00:00'),(492,'九亭',25,'2016-02-18 00:00:00'),(493,'泗泾',25,'2016-02-18 00:00:00'),(494,'佘山',25,'2016-02-18 00:00:00'),(495,'洞泾',25,'2016-02-18 00:00:00'),(496,'松江大学城',25,'2016-02-18 00:00:00'),(497,'松江新城',25,'2016-02-18 00:00:00'),(498,'浦东国际机场',26,'2016-02-18 00:00:00'),(499,'龙阳路',26,'2016-02-18 00:00:00'),(500,'航中路',27,'2016-02-18 00:00:00'),(501,'紫藤路',27,'2016-02-18 00:00:00'),(502,'龙柏新村',27,'2016-02-18 00:00:00'),(503,'龙溪路',27,'2016-02-18 00:00:00'),(504,'水城路',27,'2016-02-18 00:00:00'),(505,'伊犁路',27,'2016-02-18 00:00:00'),(506,'宋园路',27,'2016-02-18 00:00:00'),(507,'虹桥路',27,'2016-02-18 00:00:00'),(508,'交通大学',27,'2016-02-18 00:00:00'),(509,'上海图书馆',27,'2016-02-18 00:00:00'),(510,'陕西南路',27,'2016-02-18 00:00:00'),(511,'新天地',27,'2016-02-18 00:00:00'),(512,'老西门',27,'2016-02-18 00:00:00'),(513,'豫园',27,'2016-02-18 00:00:00'),(514,'南京东路',27,'2016-02-18 00:00:00'),(515,'天潼路',27,'2016-02-18 00:00:00'),(516,'四川北路',27,'2016-02-18 00:00:00'),(517,'海伦路',27,'2016-02-18 00:00:00'),(518,'邮电新村',27,'2016-02-18 00:00:00'),(519,'四平路',27,'2016-02-18 00:00:00'),(520,'同济大学',27,'2016-02-18 00:00:00'),(521,'国权路地铁站',27,'2016-02-18 00:00:00'),(522,'五角场',27,'2016-02-18 00:00:00'),(523,'江湾体育场',27,'2016-02-18 00:00:00'),(524,'三门路',27,'2016-02-18 00:00:00'),(525,'殷高东路',27,'2016-02-18 00:00:00'),(526,'新江湾城',27,'2016-02-18 00:00:00'),(527,'虹桥火车站',28,'2016-02-18 00:00:00'),(528,'虹桥2号航站楼',28,'2016-02-18 00:00:00'),(529,'虹桥1号航站楼',28,'2016-02-18 00:00:00'),(530,'动物园',28,'2016-02-18 00:00:00'),(531,'龙溪路',28,'2016-02-18 00:00:00'),(532,'水城路',28,'2016-02-18 00:00:00'),(533,'伊犁路',28,'2016-02-18 00:00:00'),(534,'宋园路',28,'2016-02-18 00:00:00'),(535,'虹桥路',28,'2016-02-18 00:00:00'),(536,'交通大学',28,'2016-02-18 00:00:00'),(537,'上海图书馆',28,'2016-02-18 00:00:00'),(538,'陕西南路',28,'2016-02-18 00:00:00'),(539,'新天地',28,'2016-02-18 00:00:00'),(540,'老西门',28,'2016-02-18 00:00:00'),(541,'豫园',28,'2016-02-18 00:00:00'),(542,'南京东路',28,'2016-02-18 00:00:00'),(543,'天潼路',28,'2016-02-18 00:00:00'),(544,'四川北路',28,'2016-02-18 00:00:00'),(545,'海伦路',28,'2016-02-18 00:00:00'),(546,'邮电新村',28,'2016-02-18 00:00:00'),(547,'四平路',28,'2016-02-18 00:00:00'),(548,'同济大学',28,'2016-02-18 00:00:00'),(549,'国权路',28,'2016-02-18 00:00:00'),(550,'五角场',28,'2016-02-18 00:00:00'),(551,'江湾体育场',28,'2016-02-18 00:00:00'),(552,'三门路',28,'2016-02-18 00:00:00'),(553,'殷高东路',28,'2016-02-18 00:00:00'),(554,'新江湾城',28,'2016-02-18 00:00:00'),(555,'江苏路',29,'2016-02-18 00:00:00'),(556,'隆德路',29,'2016-02-18 00:00:00'),(557,'曹杨路',29,'2016-02-18 00:00:00'),(558,'枫桥路',29,'2016-02-18 00:00:00'),(559,'真如',29,'2016-02-18 00:00:00'),(560,'上海西站',29,'2016-02-18 00:00:00'),(561,'李子园',29,'2016-02-18 00:00:00'),(562,'祁连山路',29,'2016-02-18 00:00:00'),(563,'武威路',29,'2016-02-18 00:00:00'),(564,'桃浦新村',29,'2016-02-18 00:00:00'),(565,'南翔',29,'2016-02-18 00:00:00'),(566,'马陆',29,'2016-02-18 00:00:00'),(567,'嘉定新城',29,'2016-02-18 00:00:00'),(568,'白银路',29,'2016-02-18 00:00:00'),(569,'嘉定西',29,'2016-02-18 00:00:00'),(570,'嘉定北',29,'2016-02-18 00:00:00'),(571,'江苏路',30,'2016-02-18 00:00:00'),(572,'隆德路',30,'2016-02-18 00:00:00'),(573,'曹杨路',30,'2016-02-18 00:00:00'),(574,'枫桥路',30,'2016-02-18 00:00:00'),(575,'真如',30,'2016-02-18 00:00:00'),(576,'上海西站',30,'2016-02-18 00:00:00'),(577,'李子园',30,'2016-02-18 00:00:00'),(578,'祁连山路',30,'2016-02-18 00:00:00'),(579,'武威路',30,'2016-02-18 00:00:00'),(580,'桃浦新村',30,'2016-02-18 00:00:00'),(581,'南翔',30,'2016-02-18 00:00:00'),(582,'马陆',30,'2016-02-18 00:00:00'),(583,'嘉定新城',30,'2016-02-18 00:00:00'),(584,'上海赛车场',30,'2016-02-18 00:00:00'),(585,'昌吉东路',30,'2016-02-18 00:00:00'),(586,'上海汽车城',30,'2016-02-18 00:00:00'),(587,'安亭',30,'2016-02-18 00:00:00'),(588,'西朗',31,'2016-02-18 00:00:00'),(589,'坑口',31,'2016-02-18 00:00:00'),(590,'花地湾',31,'2016-02-18 00:00:00'),(591,'芳村',31,'2016-02-18 00:00:00'),(592,'黄沙',31,'2016-02-18 00:00:00'),(593,'长寿路',31,'2016-02-18 00:00:00'),(594,'陈家祠',31,'2016-02-18 00:00:00'),(595,'西门口',31,'2016-02-18 00:00:00'),(596,'公园前',31,'2016-02-18 00:00:00'),(597,'农讲所',31,'2016-02-18 00:00:00'),(598,'烈士陵园',31,'2016-02-18 00:00:00'),(599,'东山口',31,'2016-02-18 00:00:00'),(600,'杨箕',31,'2016-02-18 00:00:00'),(601,'体育西路',31,'2016-02-18 00:00:00'),(602,'体育中心',31,'2016-02-18 00:00:00'),(603,'广州东站',31,'2016-02-18 00:00:00'),(604,'广州南站',32,'2016-02-18 00:00:00'),(605,'石壁',32,'2016-02-18 00:00:00'),(606,'会江',32,'2016-02-18 00:00:00'),(607,'南浦',32,'2016-02-18 00:00:00'),(608,'洛溪',32,'2016-02-18 00:00:00'),(609,'南洲',32,'2016-02-18 00:00:00'),(610,'东晓南',32,'2016-02-18 00:00:00'),(611,'江泰路',32,'2016-02-18 00:00:00'),(612,'昌岗',32,'2016-02-18 00:00:00'),(613,'江南西',32,'2016-02-18 00:00:00'),(614,'市二宫',32,'2016-02-18 00:00:00'),(615,'海珠广场',32,'2016-02-18 00:00:00'),(616,'公园前',32,'2016-02-18 00:00:00'),(617,'纪念堂',32,'2016-02-18 00:00:00'),(618,'越秀公园',32,'2016-02-18 00:00:00'),(619,'广州火车站',32,'2016-02-18 00:00:00'),(620,'三元里',32,'2016-02-18 00:00:00'),(621,'飞翔公园',32,'2016-02-18 00:00:00'),(622,'白云公园',32,'2016-02-18 00:00:00'),(623,'白云文化广场',32,'2016-02-18 00:00:00'),(624,'萧岗',32,'2016-02-18 00:00:00'),(625,'江夏',32,'2016-02-18 00:00:00'),(626,'黄边',32,'2016-02-18 00:00:00'),(627,'嘉禾望岗',32,'2016-02-18 00:00:00'),(628,'市桥',33,'2016-02-18 00:00:00'),(629,'番禺广场',33,'2016-02-18 00:00:00'),(630,'汉溪长隆',33,'2016-02-18 00:00:00'),(631,'大石',33,'2016-02-18 00:00:00'),(632,'厦滘',33,'2016-02-18 00:00:00'),(633,'沥滘',33,'2016-02-18 00:00:00'),(634,'大塘',33,'2016-02-18 00:00:00'),(635,'客村',33,'2016-02-18 00:00:00'),(636,'赤岗塔',33,'2016-02-18 00:00:00'),(637,'珠江新城',33,'2016-02-18 00:00:00'),(638,'体育西路',33,'2016-02-18 00:00:00'),(639,'石牌桥',33,'2016-02-18 00:00:00'),(640,'岗顶',33,'2016-02-18 00:00:00'),(641,'华师',33,'2016-02-18 00:00:00'),(642,'五山',33,'2016-02-18 00:00:00'),(643,'天河客运站',33,'2016-02-18 00:00:00'),(644,'机场南',34,'2016-02-18 00:00:00'),(645,'人和',34,'2016-02-18 00:00:00'),(646,'龙归',34,'2016-02-18 00:00:00'),(647,'嘉禾望岗',34,'2016-02-18 00:00:00'),(648,'白云大道北',34,'2016-02-18 00:00:00'),(649,'永泰',34,'2016-02-18 00:00:00'),(650,'同和',34,'2016-02-18 00:00:00'),(651,'京溪南方医院',34,'2016-02-18 00:00:00'),(652,'梅花园',34,'2016-02-18 00:00:00'),(653,'燕塘',34,'2016-02-18 00:00:00'),(654,'广州东站',34,'2016-02-18 00:00:00'),(655,'林和西',34,'2016-02-18 00:00:00'),(656,'体育西路',34,'2016-02-18 00:00:00'),(657,'金洲',35,'2016-02-18 00:00:00'),(658,'蕉门',35,'2016-02-18 00:00:00'),(659,'黄阁',35,'2016-02-18 00:00:00'),(660,'低涌',35,'2016-02-18 00:00:00'),(661,'海傍',35,'2016-02-18 00:00:00'),(662,'石碁',35,'2016-02-18 00:00:00'),(663,'新造',35,'2016-02-18 00:00:00'),(664,'大学城南 ',35,'2016-02-18 00:00:00'),(665,'大学城北 ',35,'2016-02-18 00:00:00'),(666,'官洲',35,'2016-02-18 00:00:00'),(667,'万胜围',35,'2016-02-18 00:00:00'),(668,'车陂南',35,'2016-02-18 00:00:00'),(669,'车陂',35,'2016-02-18 00:00:00'),(670,'黄村',35,'2016-02-18 00:00:00'),(671,'文冲',36,'2016-02-18 00:00:00'),(672,'大沙东',36,'2016-02-18 00:00:00'),(673,'大沙地',36,'2016-02-18 00:00:00'),(674,'鱼珠',36,'2016-02-18 00:00:00'),(675,'三溪',36,'2016-02-18 00:00:00'),(676,'东圃',36,'2016-02-18 00:00:00'),(677,'车陂南',36,'2016-02-18 00:00:00'),(678,'科韵路',36,'2016-02-18 00:00:00'),(679,'员村',36,'2016-02-18 00:00:00'),(680,'潭村',36,'2016-02-18 00:00:00'),(681,'猎德',36,'2016-02-18 00:00:00'),(682,'珠江新城',36,'2016-02-18 00:00:00'),(683,'五羊邨',36,'2016-02-18 00:00:00'),(684,'杨箕',36,'2016-02-18 00:00:00'),(685,'动物园',36,'2016-02-18 00:00:00'),(686,'区庄',36,'2016-02-18 00:00:00'),(687,'淘金',36,'2016-02-18 00:00:00'),(688,'小北',36,'2016-02-18 00:00:00'),(689,'广州火车站',36,'2016-02-18 00:00:00'),(690,'西村',36,'2016-02-18 00:00:00'),(691,'西场',36,'2016-02-18 00:00:00'),(692,'中山八',36,'2016-02-18 00:00:00'),(693,'坦尾',36,'2016-02-18 00:00:00'),(694,'滘口',36,'2016-02-18 00:00:00'),(695,'万胜围',37,'2016-02-18 00:00:00'),(696,'琶洲',37,'2016-02-18 00:00:00'),(697,'新港东',37,'2016-02-18 00:00:00'),(698,'磨碟沙',37,'2016-02-18 00:00:00'),(699,'赤岗',37,'2016-02-18 00:00:00'),(700,'客村',37,'2016-02-18 00:00:00'),(701,'鹭江',37,'2016-02-18 00:00:00'),(702,'中大',37,'2016-02-18 00:00:00'),(703,'晓港',37,'2016-02-18 00:00:00'),(704,'昌岗',37,'2016-02-18 00:00:00'),(705,'宝岗大道',37,'2016-02-18 00:00:00'),(706,'沙园',37,'2016-02-18 00:00:00'),(707,'凤凰新村',37,'2016-02-18 00:00:00'),(708,'西朗',38,'2016-02-18 00:00:00'),(709,'菊树',38,'2016-02-18 00:00:00'),(710,'龙溪',38,'2016-02-18 00:00:00'),(711,'林和西',39,'2016-02-18 00:00:00'),(712,'体育中心南',39,'2016-02-18 00:00:00'),(713,'天河南',39,'2016-02-18 00:00:00'),(714,'黄埔大道',39,'2016-02-18 00:00:00'),(715,'妇儿中心',39,'2016-02-18 00:00:00'),(716,'花城大道',39,'2016-02-18 00:00:00'),(717,'歌剧院',39,'2016-02-18 00:00:00'),(718,'海心沙',39,'2016-02-18 00:00:00'),(719,'赤岗塔',39,'2016-02-18 00:00:00'),(720,'机场东',40,'2016-02-18 00:00:00'),(721,'后瑞',40,'2016-02-18 00:00:00'),(722,'固戍',40,'2016-02-18 00:00:00'),(723,'西乡',40,'2016-02-18 00:00:00'),(724,'坪洲',40,'2016-02-18 00:00:00'),(725,'宝体',40,'2016-02-18 00:00:00'),(726,'宝安中心',40,'2016-02-18 00:00:00'),(727,'新安',40,'2016-02-18 00:00:00'),(728,'前海湾',40,'2016-02-18 00:00:00'),(729,'鲤鱼门',40,'2016-02-18 00:00:00'),(730,'大新',40,'2016-02-18 00:00:00'),(731,'桃园',40,'2016-02-18 00:00:00'),(732,'深大',40,'2016-02-18 00:00:00'),(733,'高新园',40,'2016-02-18 00:00:00'),(734,'白石洲',40,'2016-02-18 00:00:00'),(735,'世界之窗',40,'2016-02-18 00:00:00'),(736,'华侨城',40,'2016-02-18 00:00:00'),(737,'侨城东',40,'2016-02-18 00:00:00'),(738,'竹子林',40,'2016-02-18 00:00:00'),(739,'车公庙',40,'2016-02-18 00:00:00'),(740,'香蜜湖',40,'2016-02-18 00:00:00'),(741,'购物公园',40,'2016-02-18 00:00:00'),(742,'会展中心',40,'2016-02-18 00:00:00'),(743,'岗厦',40,'2016-02-18 00:00:00'),(744,'华强路',40,'2016-02-18 00:00:00'),(745,'科学馆',40,'2016-02-18 00:00:00'),(746,'深圳大剧院',40,'2016-02-18 00:00:00'),(747,'老街',40,'2016-02-18 00:00:00'),(748,'国贸',40,'2016-02-18 00:00:00'),(749,'罗湖',40,'2016-02-18 00:00:00'),(750,'福田口岸',41,'2016-02-18 00:00:00'),(751,'福民',41,'2016-02-18 00:00:00'),(752,'会展中心',41,'2016-02-18 00:00:00'),(753,'市民中心',41,'2016-02-18 00:00:00'),(754,'少年宫',41,'2016-02-18 00:00:00'),(755,'莲花北',41,'2016-02-18 00:00:00'),(756,'上梅林',41,'2016-02-18 00:00:00'),(757,'民乐',41,'2016-02-18 00:00:00'),(758,'白石龙',41,'2016-02-18 00:00:00'),(759,'深圳北',41,'2016-02-18 00:00:00'),(760,'红山',41,'2016-02-18 00:00:00'),(761,'上塘',41,'2016-02-18 00:00:00'),(762,'龙胜',41,'2016-02-18 00:00:00'),(763,'龙华',41,'2016-02-18 00:00:00'),(764,'清湖',41,'2016-02-18 00:00:00'),(765,'赤湾',42,'2016-02-18 00:00:00'),(766,'蛇口港',42,'2016-02-18 00:00:00'),(767,'海上世界',42,'2016-02-18 00:00:00'),(768,'水湾',42,'2016-02-18 00:00:00'),(769,'东角头',42,'2016-02-18 00:00:00'),(770,'湾厦',42,'2016-02-18 00:00:00'),(771,'海月',42,'2016-02-18 00:00:00'),(772,'登良',42,'2016-02-18 00:00:00'),(773,'后海',42,'2016-02-18 00:00:00'),(774,'科苑',42,'2016-02-18 00:00:00'),(775,'红树湾',42,'2016-02-18 00:00:00'),(776,'世界之窗',42,'2016-02-18 00:00:00'),(777,'侨城北',42,'2016-02-18 00:00:00'),(778,'深康',42,'2016-02-18 00:00:00'),(779,'安托山',42,'2016-02-18 00:00:00'),(780,'侨香',42,'2016-02-18 00:00:00'),(781,'香蜜',42,'2016-02-18 00:00:00'),(782,'香梅北',42,'2016-02-18 00:00:00'),(783,'景田',42,'2016-02-18 00:00:00'),(784,'莲花西',42,'2016-02-18 00:00:00'),(785,'福田',42,'2016-02-18 00:00:00'),(786,'市民中心',42,'2016-02-18 00:00:00'),(787,'岗厦北',42,'2016-02-18 00:00:00'),(788,'华强北',42,'2016-02-18 00:00:00'),(789,'燕南',42,'2016-02-18 00:00:00'),(790,'大剧院',42,'2016-02-18 00:00:00'),(791,'湖贝',42,'2016-02-18 00:00:00'),(792,'黄贝岭',42,'2016-02-18 00:00:00'),(793,'新秀',42,'2016-02-18 00:00:00'),(794,'益田',43,'2016-02-18 00:00:00'),(795,'石厦',43,'2016-02-18 00:00:00'),(796,'购物公园',43,'2016-02-18 00:00:00'),(797,'福田',43,'2016-02-18 00:00:00'),(798,'少年宫',43,'2016-02-18 00:00:00'),(799,'莲花村',43,'2016-02-18 00:00:00'),(800,'华新',43,'2016-02-18 00:00:00'),(801,'通新岭',43,'2016-02-18 00:00:00'),(802,'红岭',43,'2016-02-18 00:00:00'),(803,'老街',43,'2016-02-18 00:00:00'),(804,'晒布',43,'2016-02-18 00:00:00'),(805,'翠竹',43,'2016-02-18 00:00:00'),(806,'田贝',43,'2016-02-18 00:00:00'),(807,'水贝',43,'2016-02-18 00:00:00'),(808,'草埔',43,'2016-02-18 00:00:00'),(809,'布吉',43,'2016-02-18 00:00:00'),(810,'木棉湾',43,'2016-02-18 00:00:00'),(811,'大芬',43,'2016-02-18 00:00:00'),(812,'丹竹头',43,'2016-02-18 00:00:00'),(813,'六约',43,'2016-02-18 00:00:00'),(814,'塘坑',43,'2016-02-18 00:00:00'),(815,'横岗',43,'2016-02-18 00:00:00'),(816,'永湖',43,'2016-02-18 00:00:00'),(817,'荷坳',43,'2016-02-18 00:00:00'),(818,'大运',43,'2016-02-18 00:00:00'),(819,'爱联',43,'2016-02-18 00:00:00'),(820,'吉祥',43,'2016-02-18 00:00:00'),(821,'龙城广场',43,'2016-02-18 00:00:00'),(822,'南联',43,'2016-02-18 00:00:00'),(823,'双龙',43,'2016-02-18 00:00:00'),(824,'前海湾',44,'2016-02-18 00:00:00'),(825,'临海',44,'2016-02-18 00:00:00'),(826,'宝华',44,'2016-02-18 00:00:00'),(827,'宝安中心',44,'2016-02-18 00:00:00'),(828,'翻身',44,'2016-02-18 00:00:00'),(829,'灵芝',44,'2016-02-18 00:00:00'),(830,'洪浪北',44,'2016-02-18 00:00:00'),(831,'兴东',44,'2016-02-18 00:00:00'),(832,'留仙洞',44,'2016-02-18 00:00:00'),(833,'西丽',44,'2016-02-18 00:00:00'),(834,'大学城',44,'2016-02-18 00:00:00'),(835,'塘朗',44,'2016-02-18 00:00:00'),(836,'长岭陂',44,'2016-02-18 00:00:00'),(837,'深圳北站',44,'2016-02-18 00:00:00'),(838,'民治',44,'2016-02-18 00:00:00'),(839,'五和',44,'2016-02-18 00:00:00'),(840,'坂田',44,'2016-02-18 00:00:00'),(841,'杨美',44,'2016-02-18 00:00:00'),(842,'上水径',44,'2016-02-18 00:00:00'),(843,'下水径',44,'2016-02-18 00:00:00'),(844,'长龙',44,'2016-02-18 00:00:00'),(845,'布吉',44,'2016-02-18 00:00:00'),(846,'百鸽笼',44,'2016-02-18 00:00:00'),(847,'布心',44,'2016-02-18 00:00:00'),(848,'太安',44,'2016-02-18 00:00:00'),(849,'怡景',44,'2016-02-18 00:00:00'),(850,'黄贝岭',44,'2016-02-18 00:00:00');

/*Table structure for table `line_name` */

DROP TABLE IF EXISTS `line_name`;

CREATE TABLE `line_name` (
  `id` int(11) NOT NULL AUTO_INCREMENT,
  `name` varchar(50) COLLATE utf8_bin DEFAULT NULL,
  `city_id` int(11) DEFAULT NULL,
  `create_time` timestamp NULL DEFAULT NULL,
  PRIMARY KEY (`id`)
) ENGINE=InnoDB AUTO_INCREMENT=45 DEFAULT CHARSET=utf8 COLLATE=utf8_bin;

/*Data for the table `line_name` */

insert  into `line_name`(`id`,`name`,`city_id`,`create_time`) values (1,'1号线',1,'2016-02-18 00:00:00'),(2,'2号线',1,'2016-02-18 00:00:00'),(3,'4号线',1,'2016-02-18 00:00:00'),(4,'5号线',1,'2016-02-18 00:00:00'),(5,'6号线',1,'2016-02-18 00:00:00'),(6,'8号线',1,'2016-02-18 00:00:00'),(7,'9号线',1,'2016-02-18 00:00:00'),(8,'10号线',1,'2016-02-18 00:00:00'),(9,'13号线',1,'2016-02-18 00:00:00'),(10,'15号线',1,'2016-02-18 00:00:00'),(11,'八通线',1,'2016-02-18 00:00:00'),(12,'昌平线',1,'2016-02-18 00:00:00'),(13,'机场专线',1,'2016-02-18 00:00:00'),(14,'大兴线',1,'2016-02-18 00:00:00'),(15,'亦庄线',1,'2016-02-18 00:00:00'),(16,'房山线',1,'2016-02-18 00:00:00'),(17,'1号线',2,'2016-02-18 00:00:00'),(18,'2号线',2,'2016-02-18 00:00:00'),(19,'3号线',2,'2016-02-18 00:00:00'),(20,'4号线',2,'2016-02-18 00:00:00'),(21,'5号线',2,'2016-02-18 00:00:00'),(22,'6号线',2,'2016-02-18 00:00:00'),(23,'7号线',2,'2016-02-18 00:00:00'),(24,'8号线',2,'2016-02-18 00:00:00'),(25,'9号线',2,'2016-02-18 00:00:00'),(26,'磁悬浮',2,'2016-02-18 00:00:00'),(27,'10号线',2,'2016-02-18 00:00:00'),(28,'10号线（新江湾城-虹桥火车站）',2,'2016-02-18 00:00:00'),(29,'11号线（江苏路—嘉定北）',2,'2016-02-18 00:00:00'),(30,'11号线（江苏路—安亭）',2,'2016-02-18 00:00:00'),(31,'1号线',3,'2016-02-18 00:00:00'),(32,'2号线',3,'2016-02-18 00:00:00'),(33,'3号线',3,'2016-02-18 00:00:00'),(34,'3号线北延段',3,'2016-02-18 00:00:00'),(35,'4号线',3,'2016-02-18 00:00:00'),(36,'5号线',3,'2016-02-18 00:00:00'),(37,'8号线',3,'2016-02-18 00:00:00'),(38,'广佛线',3,'2016-02-18 00:00:00'),(39,'APM线',3,'2016-02-18 00:00:00'),(40,'罗宝线',4,'2016-02-18 00:00:00'),(41,'龙华线',4,'2016-02-18 00:00:00'),(42,'蛇口线',4,'2016-02-18 00:00:00'),(43,'龙岗线',4,'2016-02-18 00:00:00'),(44,'环中线',4,'2016-02-18 00:00:00');

/*Table structure for table `link_hotel_city` */

DROP TABLE IF EXISTS `link_hotel_city`;

CREATE TABLE `link_hotel_city` (
  `id` int(11) NOT NULL AUTO_INCREMENT,
  `cid` int(11) DEFAULT NULL,
  `hid` int(11) DEFAULT NULL,
  PRIMARY KEY (`id`)
) ENGINE=InnoDB DEFAULT CHARSET=utf8 COLLATE=utf8_bin;

/*Data for the table `link_hotel_city` */

/*Table structure for table `link_room_type` */

DROP TABLE IF EXISTS `link_room_type`;

CREATE TABLE `link_room_type` (
  `id` int(11) DEFAULT NULL,
  `rtypeid` int(11) DEFAULT NULL,
  `roomid` int(11) DEFAULT NULL
) ENGINE=InnoDB DEFAULT CHARSET=utf8 COLLATE=utf8_bin;

/*Data for the table `link_room_type` */

/*Table structure for table `log` */

DROP TABLE IF EXISTS `log`;

CREATE TABLE `log` (
  `ID` int(11) NOT NULL AUTO_INCREMENT,
  `OPERATION_CODE` varchar(50) NOT NULL COMMENT '操作编码',
  `CREATER` varchar(20) DEFAULT NULL COMMENT '操作用户名称',
  `CREATE_DATE` datetime NOT NULL COMMENT '日志生成时间',
  `TYPE` int(11) DEFAULT NULL COMMENT '日志类型: 1：安全日志 2：表示操作日志',
  `OS` varchar(20) DEFAULT NULL,
  `BROWSER` varchar(20) DEFAULT NULL COMMENT '浏览器类型',
  `IP` varchar(20) DEFAULT NULL COMMENT 'IP地址',
  `MAC` varchar(20) DEFAULT NULL COMMENT '物理地址',
  `EXECUTE_TIME` int(11) DEFAULT NULL COMMENT '执行时间',
  `DESCRIPTION` varchar(500) DEFAULT NULL COMMENT '详细描述',
  `REQUEST_PARAM` varchar(500) DEFAULT NULL COMMENT '请求参数',
  PRIMARY KEY (`ID`)
) ENGINE=InnoDB AUTO_INCREMENT=2267 DEFAULT CHARSET=utf8 COMMENT='日录资料表';

/*Data for the table `log` */

insert  into `log`(`ID`,`OPERATION_CODE`,`CREATER`,`CREATE_DATE`,`TYPE`,`OS`,`BROWSER`,`IP`,`MAC`,`EXECUTE_TIME`,`DESCRIPTION`,`REQUEST_PARAM`) values (2259,'/system/user/update','admin','2014-12-04 10:25:40',NULL,'Windows 7','Firefox 3','127.0.0.1',NULL,22,NULL,'{\"id\":[\"4\"],\"birthday\":[\"2014-4-2\"],\"phone\":[\"400\"],\"email\":[\"11@11.bee\"],\"name\":[\"bbb1234\"],\"gender\":[\"0\"],\"loginName\":[\"bbb222\"]}'),(2260,'/system/user/update','admin','2014-12-04 10:26:14',NULL,'Windows 7','Firefox 3','127.0.0.1',NULL,9,NULL,'{\"id\":[\"4\"],\"birthday\":[\"2014-4-2\"],\"phone\":[\"400\"],\"email\":[\"11@11.bee\"],\"name\":[\"bbb12346\"],\"gender\":[\"0\"],\"loginName\":[\"bbb222\"]}'),(2261,'/system/user/update','admin','2014-12-04 10:37:01',NULL,'Windows 7','Firefox 3','127.0.0.1',NULL,7,NULL,'{\"id\":[\"4\"],\"birthday\":[\"2014-4-2\"],\"phone\":[\"400\"],\"email\":[\"11@11.bee\"],\"name\":[\"bbb123466\"],\"gender\":[\"0\"],\"loginName\":[\"bbb222\"]}'),(2262,'/system/role/update','admin','2014-12-04 10:48:43',NULL,'Windows 7','Firefox 3','127.0.0.1',NULL,215,NULL,'{\"id\":[\"12\"],\"roleCode\":[\"guest212\"],\"sort\":[\"4\"],\"description\":[\"s\"],\"name\":[\"guest22\"]}'),(2263,'/system/user/create','admin','2014-12-05 11:55:03',NULL,'Windows 7','Firefox 3','127.0.0.1',NULL,305,NULL,'{\"id\":[\"\"],\"birthday\":[\"2014-12-05\"],\"confirmPassword\":[\"123456\"],\"phone\":[\"\"],\"email\":[\"\"],\"name\":[\"tyty\"],\"plainPassword\":[\"123456\"],\"gender\":[\"1\"],\"loginName\":[\"test\"]}'),(2264,'/system/permission/create','admin','2014-12-13 11:19:15',NULL,'Windows 7','Firefox 3','127.0.0.1',NULL,215,NULL,'{\"id\":[\"\"],\"icon\":[\"icon-hamburg-full-time\"],\"sort\":[\"\"],\"description\":[\"定时任务管理，支持集群\"],\"name\":[\"定时任务管理\"],\"permCode\":[\"\"],\"pid\":[\"\"],\"type\":[\"F\"],\"url\":[\"system/scheuleJob\"]}'),(2265,'/system/permission/update','admin','2014-12-13 11:19:40',NULL,'Windows 7','Firefox 3','127.0.0.1',NULL,66,NULL,'{\"id\":[\"37\"],\"icon\":[\"icon-hamburg-full-time\"],\"sort\":[\"\"],\"description\":[\"定时任务管理，支持集群\"],\"name\":[\"定时任务管理\"],\"permCode\":[\"\"],\"pid\":[\"15\"],\"type\":[\"F\"],\"url\":[\"system/scheuleJob\"]}'),(2266,'/system/permission/update','admin','2014-12-13 11:22:17',NULL,'Windows 7','Firefox 3','127.0.0.1',NULL,186,NULL,'{\"id\":[\"37\"],\"icon\":[\"icon-hamburg-full-time\"],\"sort\":[\"\"],\"description\":[\"定时任务管理，支持集群\"],\"name\":[\"定时任务管理\"],\"permCode\":[\"\"],\"pid\":[\"15\"],\"type\":[\"F\"],\"url\":[\"system/scheduleJob\"]}');

/*Table structure for table `mail` */

DROP TABLE IF EXISTS `mail`;

CREATE TABLE `mail` (
  `id` int(11) NOT NULL AUTO_INCREMENT,
  `name` varchar(100) COLLATE utf8_bin DEFAULT NULL,
  `status` char(2) COLLATE utf8_bin DEFAULT NULL,
  PRIMARY KEY (`id`)
) ENGINE=InnoDB AUTO_INCREMENT=3 DEFAULT CHARSET=utf8 COLLATE=utf8_bin;

/*Data for the table `mail` */

insert  into `mail`(`id`,`name`,`status`) values (1,'190298207@qq.com','1'),(2,NULL,NULL);

/*Table structure for table `organization` */

DROP TABLE IF EXISTS `organization`;

CREATE TABLE `organization` (
  `id` int(9) NOT NULL AUTO_INCREMENT,
  `org_name` varchar(255) NOT NULL,
  `pid` int(9) DEFAULT NULL,
  `org_type` varchar(255) DEFAULT NULL,
  `org_sort` int(3) DEFAULT '0',
  `org_level` int(3) DEFAULT NULL,
  `org_code` varchar(255) DEFAULT NULL,
  `area_id` int(9) DEFAULT NULL,
  PRIMARY KEY (`id`)
) ENGINE=InnoDB AUTO_INCREMENT=3 DEFAULT CHARSET=utf8;

/*Data for the table `organization` */

insert  into `organization`(`id`,`org_name`,`pid`,`org_type`,`org_sort`,`org_level`,`org_code`,`area_id`) values (1,'总部',NULL,'总部',1,1,'000000',NULL),(2,'12313',1,'13',31,131,'131313',1);

/*Table structure for table `permission` */

DROP TABLE IF EXISTS `permission`;

CREATE TABLE `permission` (
  `ID` int(11) NOT NULL AUTO_INCREMENT,
  `PID` int(11) DEFAULT NULL COMMENT '父节点名称',
  `NAME` varchar(50) NOT NULL COMMENT '名称',
  `TYPE` varchar(20) DEFAULT NULL COMMENT '类型:菜单or功能',
  `SORT` int(11) DEFAULT NULL COMMENT '排序',
  `URL` varchar(255) DEFAULT NULL,
  `PERM_CODE` varchar(50) DEFAULT NULL COMMENT '菜单编码',
  `ICON` varchar(255) DEFAULT NULL,
  `STATE` varchar(10) DEFAULT NULL,
  `DESCRIPTION` text,
  PRIMARY KEY (`ID`)
) ENGINE=InnoDB AUTO_INCREMENT=81 DEFAULT CHARSET=utf8;

/*Data for the table `permission` */

insert  into `permission`(`ID`,`PID`,`NAME`,`TYPE`,`SORT`,`URL`,`PERM_CODE`,`ICON`,`STATE`,`DESCRIPTION`) values (1,NULL,'系统管理','F',1,'','','icon-standard-cog','',''),(2,1,'角色管理','F',3,'role/list','','icon-hamburg-my-account','closed',''),(3,1,'用户管理','F',2,'system/user','','icon-hamburg-user','closed',''),(4,2,'添加','O',NULL,'','sys:role:add','','','角色添加'),(5,2,'删除','O',NULL,'','sys:role:delete','','','角色删除'),(6,2,'修改','O',NULL,'','sys:role:update','','','角色修改'),(7,3,'添加','O',NULL,'','sys:user:add','','','用户添加'),(8,3,'删除','O',NULL,'','sys:user:delete','','','用户删除'),(12,1,'权限管理','F',5,'system/permission','','icon-hamburg-login','closed',''),(14,15,'数据源监控','F',6,'druid','','icon-hamburg-database','',''),(15,NULL,'系统监控','F',5,'','','icon-hamburg-graphic','',''),(16,3,'修改','O',NULL,'','sys:user:update','','','用户修改'),(20,15,'日志管理','F',7,'system/log','','icon-hamburg-archives','',''),(25,12,'添加','O',NULL,'','sys:perm:add','','','菜单添加'),(26,12,'修改','O',NULL,'','sys:perm:update','','','菜单修改'),(27,12,'删除','O',NULL,'','sys:perm:delete','','','菜单删除'),(28,2,'查看','O',NULL,'','sys:role:view','','','角色查看'),(29,3,'查看','O',NULL,'','sys:user:view','',NULL,'用户查看'),(30,12,'查看','O',NULL,'','sys:perm:view','',NULL,'权限查看'),(31,20,'删除','O',NULL,'','sys:log:delete','',NULL,'删除日志'),(32,20,'导出excel','O',NULL,'','sys:log:exportExcel','',NULL,'导出日志excel'),(33,3,'查看用户角色','O',NULL,'','sys:user:roleView','',NULL,'查看用户角色'),(34,2,'保存授权','O',NULL,'','sys:role:permUpd','',NULL,'保存修改的角色权限'),(35,3,'修改用户角色','O',NULL,'','sys:user:roleUpd','',NULL,'修改用户拥有的角色'),(36,2,'查看角色权限','O',NULL,'','sys:role:permView','',NULL,'查看角色拥有的权限'),(37,15,'定时任务管理','F',NULL,'system/scheduleJob','','icon-hamburg-full-time',NULL,'定时任务管理，支持集群'),(38,15,'cron表达式生成','F',NULL,'system/scheduleJob/quartzCron','','icon-hamburg-future',NULL,''),(39,1,'菜单管理','F',4,'/permission/list','','icon-hamburg-old-versions',NULL,''),(40,1,'字典管理','F',6,'system/dict',NULL,'icon-hamburg-address',NULL,'数据字典管理'),(45,39,'修改','O',NULL,'','sys:perm:update',NULL,NULL,'菜单管理'),(58,39,'添加','O',NULL,'','sys:perm:add',NULL,NULL,'菜单管理'),(59,39,'删除','O',NULL,'','sys:perm:delte',NULL,NULL,'菜单管理'),(61,40,'添加','O',NULL,'','sys:dict:add',NULL,NULL,'字典管理'),(62,40,'删除','O',NULL,'','sys:dict:delete',NULL,NULL,'字典管理'),(63,40,'修改','O',NULL,'','sys:dict:update',NULL,NULL,'字典管理'),(68,20,'查看','O',NULL,'','sys:log:view',NULL,NULL,'查看日志'),(69,40,'查看','O',NULL,'','sys:dict:view',NULL,NULL,'字典管理'),(70,39,'查看','O',NULL,'','sys:perm:menu:view',NULL,NULL,'菜单管理'),(71,NULL,'酒店管理','F',NULL,'',NULL,'icon-hamburg-basket',NULL,'商店'),(72,71,'酒店列表','F',NULL,'shop/goods',NULL,'icon-hamburg-product',NULL,'商品管理'),(73,71,'房型管理','F',NULL,'shop/goodsType',NULL,'icon-hamburg-milestone',NULL,'商品类型'),(74,1,'区域信息','F',7,'system/area',NULL,'icon-hamburg-world',NULL,'管理行政区划'),(75,1,'机构管理','F',8,'system/organization',NULL,'icon-cologne-home',NULL,'组织机构管理'),(76,3,'查看用户机构','O',NULL,'','sys:user:orgView',NULL,NULL,'查看用户机构'),(77,3,'修改用户机构','O',NULL,'','sys:user:orgUpd',NULL,NULL,'修改用户所在的机构'),(78,NULL,'城市管理',NULL,NULL,NULL,NULL,NULL,NULL,NULL),(79,78,'城市列表',NULL,NULL,'/city/list',NULL,NULL,NULL,NULL),(80,78,'线路列表',NULL,NULL,'/line/list',NULL,NULL,NULL,NULL);

/*Table structure for table `qrtz_calendars` */

DROP TABLE IF EXISTS `qrtz_calendars`;

CREATE TABLE `qrtz_calendars` (
  `SCHED_NAME` varchar(120) NOT NULL,
  `CALENDAR_NAME` varchar(200) NOT NULL,
  `CALENDAR` blob NOT NULL,
  PRIMARY KEY (`SCHED_NAME`,`CALENDAR_NAME`)
) ENGINE=InnoDB DEFAULT CHARSET=utf8;

/*Data for the table `qrtz_calendars` */

/*Table structure for table `qrtz_fired_triggers` */

DROP TABLE IF EXISTS `qrtz_fired_triggers`;

CREATE TABLE `qrtz_fired_triggers` (
  `SCHED_NAME` varchar(120) NOT NULL,
  `ENTRY_ID` varchar(95) NOT NULL,
  `TRIGGER_NAME` varchar(200) NOT NULL,
  `TRIGGER_GROUP` varchar(200) NOT NULL,
  `INSTANCE_NAME` varchar(200) NOT NULL,
  `FIRED_TIME` bigint(13) NOT NULL,
  `SCHED_TIME` bigint(13) NOT NULL,
  `PRIORITY` int(11) NOT NULL,
  `STATE` varchar(16) NOT NULL,
  `JOB_NAME` varchar(200) DEFAULT NULL,
  `JOB_GROUP` varchar(200) DEFAULT NULL,
  `IS_NONCONCURRENT` varchar(1) DEFAULT NULL,
  `REQUESTS_RECOVERY` varchar(1) DEFAULT NULL,
  PRIMARY KEY (`SCHED_NAME`,`ENTRY_ID`)
) ENGINE=InnoDB DEFAULT CHARSET=utf8;

/*Data for the table `qrtz_fired_triggers` */

/*Table structure for table `qrtz_locks` */

DROP TABLE IF EXISTS `qrtz_locks`;

CREATE TABLE `qrtz_locks` (
  `SCHED_NAME` varchar(120) NOT NULL,
  `LOCK_NAME` varchar(40) NOT NULL,
  PRIMARY KEY (`SCHED_NAME`,`LOCK_NAME`)
) ENGINE=InnoDB DEFAULT CHARSET=utf8;

/*Data for the table `qrtz_locks` */

insert  into `qrtz_locks`(`SCHED_NAME`,`LOCK_NAME`) values ('scheduler','STATE_ACCESS'),('scheduler','TRIGGER_ACCESS');

/*Table structure for table `qrtz_paused_trigger_grps` */

DROP TABLE IF EXISTS `qrtz_paused_trigger_grps`;

CREATE TABLE `qrtz_paused_trigger_grps` (
  `SCHED_NAME` varchar(120) NOT NULL,
  `TRIGGER_GROUP` varchar(200) NOT NULL,
  PRIMARY KEY (`SCHED_NAME`,`TRIGGER_GROUP`)
) ENGINE=InnoDB DEFAULT CHARSET=utf8;

/*Data for the table `qrtz_paused_trigger_grps` */

/*Table structure for table `qrtz_scheduler_state` */

DROP TABLE IF EXISTS `qrtz_scheduler_state`;

CREATE TABLE `qrtz_scheduler_state` (
  `SCHED_NAME` varchar(120) NOT NULL,
  `INSTANCE_NAME` varchar(200) NOT NULL,
  `LAST_CHECKIN_TIME` bigint(13) NOT NULL,
  `CHECKIN_INTERVAL` bigint(13) NOT NULL,
  PRIMARY KEY (`SCHED_NAME`,`INSTANCE_NAME`)
) ENGINE=InnoDB DEFAULT CHARSET=utf8;

/*Data for the table `qrtz_scheduler_state` */

insert  into `qrtz_scheduler_state`(`SCHED_NAME`,`INSTANCE_NAME`,`LAST_CHECKIN_TIME`,`CHECKIN_INTERVAL`) values ('scheduler','LH-PC1455789677339',1455790293596,15000),('scheduler','LH-PC1455789682082',1455790298241,15000);

/*Table structure for table `qrtz_triggers` */

DROP TABLE IF EXISTS `qrtz_triggers`;

CREATE TABLE `qrtz_triggers` (
  `SCHED_NAME` varchar(120) NOT NULL,
  `TRIGGER_NAME` varchar(200) NOT NULL,
  `TRIGGER_GROUP` varchar(200) NOT NULL,
  `JOB_NAME` varchar(200) NOT NULL,
  `JOB_GROUP` varchar(200) NOT NULL,
  `DESCRIPTION` varchar(250) DEFAULT NULL,
  `NEXT_FIRE_TIME` bigint(13) DEFAULT NULL,
  `PREV_FIRE_TIME` bigint(13) DEFAULT NULL,
  `PRIORITY` int(11) DEFAULT NULL,
  `TRIGGER_STATE` varchar(16) NOT NULL,
  `TRIGGER_TYPE` varchar(8) NOT NULL,
  `START_TIME` bigint(13) NOT NULL,
  `END_TIME` bigint(13) DEFAULT NULL,
  `CALENDAR_NAME` varchar(200) DEFAULT NULL,
  `MISFIRE_INSTR` smallint(2) DEFAULT NULL,
  `JOB_DATA` blob,
  PRIMARY KEY (`SCHED_NAME`,`TRIGGER_NAME`,`TRIGGER_GROUP`),
  KEY `SCHED_NAME` (`SCHED_NAME`,`JOB_NAME`,`JOB_GROUP`) USING BTREE,
  CONSTRAINT `qrtz_triggers_ibfk_1` FOREIGN KEY (`SCHED_NAME`, `JOB_NAME`, `JOB_GROUP`) REFERENCES `qrtz_job_details` (`SCHED_NAME`, `JOB_NAME`, `JOB_GROUP`)
) ENGINE=InnoDB DEFAULT CHARSET=utf8;

/*Data for the table `qrtz_triggers` */

insert  into `qrtz_triggers`(`SCHED_NAME`,`TRIGGER_NAME`,`TRIGGER_GROUP`,`JOB_NAME`,`JOB_GROUP`,`DESCRIPTION`,`NEXT_FIRE_TIME`,`PREV_FIRE_TIME`,`PRIORITY`,`TRIGGER_STATE`,`TRIGGER_TYPE`,`START_TIME`,`END_TIME`,`CALENDAR_NAME`,`MISFIRE_INSTR`,`JOB_DATA`) values ('scheduler','test1','testgroup','test1','testgroup',NULL,1421206460000,1421206455000,5,'PAUSED','CRON',1421206412000,0,NULL,0,'');

/*Table structure for table `role` */

DROP TABLE IF EXISTS `role`;

CREATE TABLE `role` (
  `ID` int(11) NOT NULL AUTO_INCREMENT,
  `NAME` varchar(20) NOT NULL,
  `ROLE_CODE` varchar(20) NOT NULL,
  `DESCRIPTION` text,
  `SORT` smallint(6) DEFAULT NULL,
  `DEL_FLAG` varchar(255) DEFAULT NULL,
  PRIMARY KEY (`ID`)
) ENGINE=InnoDB AUTO_INCREMENT=14 DEFAULT CHARSET=utf8;

/*Data for the table `role` */

insert  into `role`(`ID`,`NAME`,`ROLE_CODE`,`DESCRIPTION`,`SORT`,`DEL_FLAG`) values (1,'admin','admin','admin',2,NULL),(5,'guest','guest','guest',3,NULL),(13,'superadmin','superadmin','超级管理员',1,NULL);

/*Table structure for table `role_permission` */

DROP TABLE IF EXISTS `role_permission`;

CREATE TABLE `role_permission` (
  `ID` int(11) NOT NULL AUTO_INCREMENT,
  `ROLE_ID` int(11) DEFAULT NULL,
  `PERMISSION_ID` int(11) DEFAULT NULL,
  PRIMARY KEY (`ID`),
  KEY `FK_ROLE_PER_REFERENCE_PERMISSI` (`PERMISSION_ID`) USING BTREE,
  KEY `FK_ROLE_PER_REFERENCE_ROLE` (`ROLE_ID`) USING BTREE,
  CONSTRAINT `role_permission_ibfk_1` FOREIGN KEY (`PERMISSION_ID`) REFERENCES `permission` (`ID`),
  CONSTRAINT `role_permission_ibfk_2` FOREIGN KEY (`ROLE_ID`) REFERENCES `role` (`ID`)
) ENGINE=InnoDB AUTO_INCREMENT=251 DEFAULT CHARSET=utf8;

/*Data for the table `role_permission` */

insert  into `role_permission`(`ID`,`ROLE_ID`,`PERMISSION_ID`) values (1,1,2),(2,1,1),(28,5,1),(61,13,1),(62,13,3),(63,13,16),(64,13,7),(65,13,2),(66,13,4),(67,13,5),(68,13,6),(69,13,12),(70,13,25),(71,13,26),(72,13,27),(74,13,15),(75,13,14),(76,13,20),(77,13,8),(81,1,3),(88,1,12),(93,1,15),(94,1,14),(95,1,20),(118,1,28),(120,1,30),(121,1,31),(125,1,33),(126,1,36),(127,1,35),(129,1,34),(130,1,32),(133,5,15),(135,1,37),(142,1,38),(145,1,40),(147,1,29),(151,1,61),(152,1,62),(153,1,63),(162,5,39),(164,5,58),(176,5,40),(177,1,39),(178,1,58),(179,1,59),(183,1,4),(184,1,6),(185,1,26),(186,1,27),(187,1,5),(189,1,25),(190,1,45),(191,1,7),(192,1,8),(193,1,16),(194,13,28),(195,13,34),(196,13,36),(197,13,29),(198,13,33),(199,13,35),(200,13,30),(201,13,39),(202,13,45),(203,13,58),(204,13,59),(205,13,40),(206,13,61),(207,13,62),(208,13,63),(209,13,31),(210,13,32),(211,13,37),(212,13,38),(213,1,69),(215,5,69),(216,5,20),(219,5,68),(220,5,38),(221,1,70),(222,5,70),(223,5,3),(227,5,29),(228,5,33),(229,5,35),(231,5,2),(234,5,28),(235,5,45),(236,5,59),(239,5,36),(240,1,68),(241,1,71),(242,1,72),(243,1,73),(244,1,74),(245,1,75),(246,1,76),(247,1,77),(248,1,78),(249,1,79),(250,1,80);

/*Table structure for table `room` */

DROP TABLE IF EXISTS `room`;

CREATE TABLE `room` (
  `id` int(11) NOT NULL AUTO_INCREMENT,
  `rtype` int(11) DEFAULT NULL COMMENT '房间类型',
  `desc` varchar(200) COLLATE utf8_bin DEFAULT NULL COMMENT '房间描述',
  PRIMARY KEY (`id`)
) ENGINE=InnoDB DEFAULT CHARSET=utf8 COLLATE=utf8_bin;

/*Data for the table `room` */

/*Table structure for table `room_type` */

DROP TABLE IF EXISTS `room_type`;

CREATE TABLE `room_type` (
  `id` int(11) NOT NULL AUTO_INCREMENT,
  `name` varchar(200) COLLATE utf8_bin DEFAULT NULL,
  PRIMARY KEY (`id`)
) ENGINE=InnoDB DEFAULT CHARSET=utf8 COLLATE=utf8_bin;

/*Data for the table `room_type` */

/*Table structure for table `user` */

DROP TABLE IF EXISTS `user`;

CREATE TABLE `user` (
  `ID` int(11) NOT NULL AUTO_INCREMENT,
  `LOGIN_NAME` varchar(20) NOT NULL,
  `NAME` varchar(20) NOT NULL,
  `PASSWORD` varchar(255) NOT NULL,
  `SALT` varchar(255) DEFAULT NULL,
  `BIRTHDAY` datetime DEFAULT NULL,
  `GENDER` smallint(6) DEFAULT NULL,
  `EMAIL` varchar(255) DEFAULT NULL,
  `PHONE` varchar(20) DEFAULT NULL,
  `ICON` varchar(500) DEFAULT NULL,
  `CREATE_DATE` datetime DEFAULT NULL,
  `STATE` char(1) DEFAULT NULL,
  `DESCRIPTION` text,
  `LOGIN_COUNT` int(11) DEFAULT NULL,
  `PREVIOUS_VISIT` datetime DEFAULT NULL,
  `LAST_VISIT` datetime DEFAULT NULL,
  `DEL_FLAG` varchar(1) DEFAULT NULL,
  PRIMARY KEY (`ID`)
) ENGINE=InnoDB AUTO_INCREMENT=7 DEFAULT CHARSET=utf8;

/*Data for the table `user` */

insert  into `user`(`ID`,`LOGIN_NAME`,`NAME`,`PASSWORD`,`SALT`,`BIRTHDAY`,`GENDER`,`EMAIL`,`PHONE`,`ICON`,`CREATE_DATE`,`STATE`,`DESCRIPTION`,`LOGIN_COUNT`,`PREVIOUS_VISIT`,`LAST_VISIT`,`DEL_FLAG`) values (1,'admin','admin','e10adc3949ba59abbe56e057f20f883e','3d06a5c14d010804','2014-03-16 22:44:39',1,'779205344@qq.com','123456789','aaa','2014-03-20 14:38:57','0',NULL,131,'2015-01-22 15:51:46','2015-01-22 16:49:13',NULL),(3,'tianyu','tiany','1e8df4b59b3a3ab452ed1707ad3cb1a8e63a0630','bb2aa40007ad1238','2014-04-02 00:00:00',0,'','300','','2014-04-02 11:49:13','0',NULL,NULL,NULL,NULL,NULL),(5,'test','tyty11','dc6d230074477c8d736bfe0205260e9320565aa6','94886d7223c80850','2014-12-05 00:00:00',1,'','',NULL,'2014-12-05 11:55:03','1','ss',1,NULL,'2014-12-14 00:09:27',NULL),(6,'superadmin','超级管理员','df894ac0dd60772f22b5d67fe5d8b04fb4c9188d','97efb48ee6adff63','2015-01-15 00:00:00',1,'779205344@qq.com','13721035120',NULL,'2015-01-15 15:55:37',NULL,'超级管理员',NULL,NULL,NULL,NULL);

/*Table structure for table `user_org` */

DROP TABLE IF EXISTS `user_org`;

CREATE TABLE `user_org` (
  `id` int(9) NOT NULL AUTO_INCREMENT,
  `user_id` int(9) NOT NULL,
  `org_id` int(9) NOT NULL,
  PRIMARY KEY (`id`)
) ENGINE=InnoDB AUTO_INCREMENT=9 DEFAULT CHARSET=utf8;

/*Data for the table `user_org` */

insert  into `user_org`(`id`,`user_id`,`org_id`) values (8,6,1);

/*Table structure for table `user_role` */

DROP TABLE IF EXISTS `user_role`;

CREATE TABLE `user_role` (
  `ID` int(11) NOT NULL AUTO_INCREMENT,
  `USER_ID` int(11) NOT NULL,
  `ROLE_ID` int(11) NOT NULL,
  PRIMARY KEY (`ID`),
  KEY `FK_USER_ROL_REFERENCE_ROLE` (`ROLE_ID`) USING BTREE,
  KEY `FK_USER_ROL_REFERENCE_USERS` (`USER_ID`) USING BTREE,
  CONSTRAINT `user_role_ibfk_1` FOREIGN KEY (`ROLE_ID`) REFERENCES `role` (`ID`),
  CONSTRAINT `user_role_ibfk_2` FOREIGN KEY (`USER_ID`) REFERENCES `user` (`ID`)
) ENGINE=InnoDB AUTO_INCREMENT=37 DEFAULT CHARSET=utf8;

/*Data for the table `user_role` */

insert  into `user_role`(`ID`,`USER_ID`,`ROLE_ID`) values (1,1,1),(19,3,5),(32,5,5),(35,6,13),(36,6,1);

/*!40101 SET SQL_MODE=@OLD_SQL_MODE */;
/*!40014 SET FOREIGN_KEY_CHECKS=@OLD_FOREIGN_KEY_CHECKS */;
/*!40014 SET UNIQUE_CHECKS=@OLD_UNIQUE_CHECKS */;
/*!40111 SET SQL_NOTES=@OLD_SQL_NOTES */;
